Workbook

Sheet How to use
A1: Fabulate Workspace Overview
A2: Lists every workspace in the database so we can see how many are still active.
A4: Instructions
A5: 1. Paste one row per workspace into the Workspaces tab (columns A to C).
A6: 2. Columns D and E calculate automatically. Do not type in them.
A7: 3. The 'Active' cut-off (days) is set on the Summary tab and can be changed.
A8: 4. Dates use DD/MM/YYYY.
A10: Legend
A11: Cream cells | B11: Enter or paste data here
A12: White cells | B12: Formulas. Do not overwrite
A14: Example row (format guide only, not real data, not counted)
A15: Workspace Name | B15: Date Last Active | C15: Workspace Owner | D15: Days Since Last Active | E15: Active?
A16: Example Workspace Pty Ltd | B16: 46295 | C16: Jane Citizen | D16: (auto) | E16: (auto)

Sheet Summary
A1: Summary
A3: Active cut-off (days since last activity) | B3: 90 | C3: Assumption: 90 days. Change this to whatever definition of 'active' the team agrees.
A4: Total workspaces | B4: =COUNTA(Workspaces!$A$2:$A$1001) -> 0
A5: Active workspaces | B5: =COUNTIF(Workspaces!$E$2:$E$1001,"Yes") -> 0
A6: Inactive workspaces | B6: =COUNTIF(Workspaces!$E$2:$E$1001,"No") -> 0
A7: Workspaces missing a last active date | B7: =COUNTA(Workspaces!$A$2:$A$1001)-COUNT(Workspaces!$B$2:$B$1001) -> 0
A8: % active | B8: =IF(B4=0,0,B5/B4) -> 0
A9: Most recent activity | B9: =IF(COUNT(Workspaces!$B$2:$B$1001)=0,"",MAX(Workspaces!$B$2:$B$1001))

Sheet Workspaces
A1: Workspace Name | B1: Date Last Active | C1: Workspace Owner | D1: Days Since Last Active | E1: Active?
D2: =IF(B2="","",TODAY()-B2) | E2: =IF(B2="","",IF(D2<=Summary!$B$3,"Yes","No"))
D3: =IF(B3="","",TODAY()-B3) | E3: =IF(B3="","",IF(D3<=Summary!$B$3,"Yes","No"))
D4: =IF(B4="","",TODAY()-B4) | E4: =IF(B4="","",IF(D4<=Summary!$B$3,"Yes","No"))
D5: =IF(B5="","",TODAY()-B5) | E5: =IF(B5="","",IF(D5<=Summary!$B$3,"Yes","No"))
D6: =IF(B6="","",TODAY()-B6) | E6: =IF(B6="","",IF(D6<=Summary!$B$3,"Yes","No"))
D7: =IF(B7="","",TODAY()-B7) | E7: =IF(B7="","",IF(D7<=Summary!$B$3,"Yes","No"))
D8: =IF(B8="","",TODAY()-B8) | E8: =IF(B8="","",IF(D8<=Summary!$B$3,"Yes","No"))
D9: =IF(B9="","",TODAY()-B9) | E9: =IF(B9="","",IF(D9<=Summary!$B$3,"Yes","No"))
D10: =IF(B10="","",TODAY()-B10) | E10: =IF(B10="","",IF(D10<=Summary!$B$3,"Yes","No"))
D11: =IF(B11="","",TODAY()-B11) | E11: =IF(B11="","",IF(D11<=Summary!$B$3,"Yes","No"))
D12: =IF(B12="","",TODAY()-B12) | E12: =IF(B12="","",IF(D12<=Summary!$B$3,"Yes","No"))
D13: =IF(B13="","",TODAY()-B13) | E13: =IF(B13="","",IF(D13<=Summary!$B$3,"Yes","No"))
... D1001: =IF(B1001="","",TODAY()-B1001) | E1001: =IF(B1001="","",IF(D1001<=Summary!$B$3,"Yes","No"))
